dimension,domain,case_study,reference,attribute,quality,importance,work_as_described,score,numeric_quality,numeric_importance,attribute_id
Ecological,Assets,Aguion,Aguion1,Population abundance,Good,Low,yes,3,3,1,Ecological_Population_abundance
Ecological,Assets,Aguion,Aguion2,Age structure,Fair,Low,yes,2,2,1,Ecological_Age_structure
Ecological,Assets,Aguion,Aguion3,Genetic diversity,Excellent,Medium,yes,4,4,2,Ecological_Genetic_diversity
Ecological,Assets,Aguion,Aguion4,Species diversity,Fair,Low,yes,3,2,1,Ecological_Species_diversity
Ecological,Flexibility,Aguion,Aguion6,Adult mobility,Excellent,Low,yes,1,4,1,Ecological_Adult_mobility
Ecological,Flexibility,Aguion,Aguion7,Larval dispersal,Excellent,High,yes,4,4,3,Ecological_Larval_dispersal
Ecological,Flexibility,Aguion,Aguion8,Environmental niche breadth,Fair,Medium,yes,3,2,2,Ecological_Environmental_niche_breadth
Ecological,Flexibility,Aguion,Aguion9,Dietary flexibility,Low,Low,yes,2,1,1,Ecological_Dietary_flexibility
Ecological,Flexibility,Aguion,Aguion10,Habitat diversity,Fair,Low,yes,2,2,1,Ecological_Habitat_diversity
Ecological,Flexibility,Aguion,Aguion11,Plasticity,Excellent,High,yes,4,4,3,Ecological_Plasticity
Ecological,Flexibility,Aguion,Aguion12,Evolutionary potential,Fair,Medium,yes,3,2,2,Ecological_Evolutionary_potential
Ecological,Organization,Aguion,Aguion14,Ecosystem connectivity,Fair,Low,yes,3,2,1,Ecological_Ecosystem_connectivity
Ecological,Organization,Aguion,Aguion15,Population modularity,Fair,Low,yes,3,2,1,Ecological_Population_modularity
Social-economic,Assets,Aguion,Aguion17,Wealth and reserves,Low,Low,yes,3,1,1,Social_economic_Wealth_and_reserves
Social-economic,Assets,Aguion,Aguion18,Economic diversity,Low,High,yes,3,1,3,Social_economic_Economic_diversity
Social-economic,Assets,Aguion,Aguion19,Social diversity,Fair,Medium,yes,2,2,2,Social_economic_Social_diversity
Social-economic,Flexibility,Aguion,Aguion21,Flexible and agile infrstructure,Low,Low,yes,3,1,1,Social_economic_Flexible_and_agile_infrstructure
Social-economic,Flexibility,Aguion,Aguion22,Mobility,Excellent,Low,yes,2,4,1,Social_economic_Mobility
Social-economic,Flexibility,Aguion,Aguion23,Economic opportunity,Low,Low,yes,2,1,1,Social_economic_Economic_opportunity
Social-economic,Flexibility,Aguion,Aguion24,Resilience mindset,Fair,High,yes,3,2,3,Social_economic_Resilience_mindset
Social-economic,Flexibility,Aguion,Aguion25,Place attachment,Excellent,High,yes,4,4,3,Social_economic_Place_attachment
Social-economic,Organization,Aguion,Aguion27,Social capital,Excellent,High,yes,4,4,3,Social_economic_Social_capital
Social-economic,Organization,Aguion,Aguion28,Technology transfer,Fair,Low,yes,2,2,1,Social_economic_Technology_transfer
Social-economic,Organization,Aguion,Aguion29,Modular infrastructure,Fair,Low,yes,2,2,1,Social_economic_Modular_infrastructure
Social-economic,Learning,Aguion,Aguion31,Knowledge diversity,Good,High,yes,3,3,3,Social_economic_Knowledge_diversity
Social-economic,Learning,Aguion,Aguion32,Knowledge access,Excellent,High,yes,4,4,3,Social_economic_Knowledge_access
Social-economic,Learning,Aguion,Aguion33,Learning capacity,Fair,High,yes,4,2,3,Social_economic_Learning_capacity
Social-economic,Agency,Aguion,Aguion35,Agency,Excellent,High,yes,3,4,3,Social_economic_Agency
Goverance,Flexibility,Aguion,Aguion37,Responsive,Good,High,yes,3,3,3,Goverance_Responsive
Goverance,Organization,Aguion,Aguion39,Participatory,Excellent,High,yes,4,4,3,Goverance_Participatory
Goverance,Organization,Aguion,Aguion40,Equitable and inclusive,Low,Medium,yes,3,1,2,Goverance_Equitable_and_inclusive
Goverance,Organization,Aguion,Aguion41,Accountable,Fair,Low,yes,2,2,1,Goverance_Accountable
Goverance,Organization,Aguion,Aguion42,Transparent,Low,High,yes,3,1,3,Goverance_Transparent
Goverance,Organization,Aguion,Aguion43,Effective and efficient,Fair,Medium,yes,3,2,2,Goverance_Effective_and_efficient
Goverance,Organization,Aguion,Aguion44,Polycentric,Good,High,yes,4,3,3,Goverance_Polycentric
Goverance,Organization,Aguion,Aguion45,Cross-scale integration,Good,High,yes,3,3,3,Goverance_Cross_scale_integration
Goverance,Learning,Aguion,Aguion47,Adaptive,Good,High,yes,4,3,3,Goverance_Adaptive
Goverance,Agency,Aguion,Aguion49,Leadership and initiative,Fair,High,yes,3,2,3,Goverance_Leadership_and_initiative
Ecological,Assets,Dickey_Collas,Dickey_Collas1,Population abundance,Excellent,Medium,yes,4,4,2,Ecological_Population_abundance
Ecological,Assets,Dickey_Collas,Dickey_Collas2,Age structure,Excellent,Medium,no,2,4,2,Ecological_Age_structure
Ecological,Assets,Dickey_Collas,Dickey_Collas3,Genetic diversity,Excellent,Low,yes,3,4,1,Ecological_Genetic_diversity
Ecological,Assets,Dickey_Collas,Dickey_Collas4,Species diversity,Excellent,Low,yes,3,4,1,Ecological_Species_diversity
Ecological,Flexibility,Dickey_Collas,Dickey_Collas6,Adult mobility,Excellent,High,yes,3,4,3,Ecological_Adult_mobility
Ecological,Flexibility,Dickey_Collas,Dickey_Collas7,Larval dispersal,Excellent,High,yes,4,4,3,Ecological_Larval_dispersal
Ecological,Flexibility,Dickey_Collas,Dickey_Collas8,Environmental niche breadth,Good,Medium,yes,3,3,2,Ecological_Environmental_niche_breadth
Ecological,Flexibility,Dickey_Collas,Dickey_Collas9,Dietary flexibility,Excellent,High,NA,4,4,3,Ecological_Dietary_flexibility
Ecological,Flexibility,Dickey_Collas,Dickey_Collas10,Habitat diversity,Excellent,Medium,no,2,4,2,Ecological_Habitat_diversity
Ecological,Flexibility,Dickey_Collas,Dickey_Collas11,Plasticity,Excellent,High,yes,3,4,3,Ecological_Plasticity
Ecological,Flexibility,Dickey_Collas,Dickey_Collas12,Evolutionary potential,Excellent,High,yes,3,4,3,Ecological_Evolutionary_potential
Ecological,Organization,Dickey_Collas,Dickey_Collas14,Ecosystem connectivity,Excellent,High,yes,4,4,3,Ecological_Ecosystem_connectivity
Ecological,Organization,Dickey_Collas,Dickey_Collas15,Population modularity,Excellent,Medium,yes,2,4,2,Ecological_Population_modularity
Social-economic,Assets,Dickey_Collas,Dickey_Collas17,Wealth and reserves,Excellent,High,yes,4,4,3,Social_economic_Wealth_and_reserves
Social-economic,Assets,Dickey_Collas,Dickey_Collas18,Economic diversity,Fair,High,yes,4,2,3,Social_economic_Economic_diversity
Social-economic,Assets,Dickey_Collas,Dickey_Collas19,Social diversity,Good,Medium,no,2,3,2,Social_economic_Social_diversity
Social-economic,Flexibility,Dickey_Collas,Dickey_Collas21,Flexible and agile infrstructure,Fair,High,NA,4,2,3,Social_economic_Flexible_and_agile_infrstructure
Social-economic,Flexibility,Dickey_Collas,Dickey_Collas22,Mobility,Excellent,Low,yes,4,4,1,Social_economic_Mobility
Social-economic,Flexibility,Dickey_Collas,Dickey_Collas23,Economic opportunity,Excellent,High,yes,4,4,3,Social_economic_Economic_opportunity
Social-economic,Flexibility,Dickey_Collas,Dickey_Collas24,Resilience mindset,Good,Medium,yes,3,3,2,Social_economic_Resilience_mindset
Social-economic,Flexibility,Dickey_Collas,Dickey_Collas25,Place attachment,Fair,Low,no,1,2,1,Social_economic_Place_attachment
Social-economic,Organization,Dickey_Collas,Dickey_Collas27,Social capital,Good,High,yes,4,3,3,Social_economic_Social_capital
Social-economic,Organization,Dickey_Collas,Dickey_Collas28,Technology transfer,Excellent,High,no,4,4,3,Social_economic_Technology_transfer
Social-economic,Organization,Dickey_Collas,Dickey_Collas29,Modular infrastructure,Good,High,yes,4,3,3,Social_economic_Modular_infrastructure
Social-economic,Learning,Dickey_Collas,Dickey_Collas31,Knowledge diversity,Fair,Medium,yes,3,2,2,Social_economic_Knowledge_diversity
Social-economic,Learning,Dickey_Collas,Dickey_Collas32,Knowledge access,Excellent,Medium,yes,4,4,2,Social_economic_Knowledge_access
Social-economic,Learning,Dickey_Collas,Dickey_Collas33,Learning capacity,Excellent,High,yes,4,4,3,Social_economic_Learning_capacity
Social-economic,Agency,Dickey_Collas,Dickey_Collas35,Agency,Excellent,High,yes,4,4,3,Social_economic_Agency
Goverance,Flexibility,Dickey_Collas,Dickey_Collas37,Responsive,Fair,High,yes,3,2,3,Goverance_Responsive
Goverance,Organization,Dickey_Collas,Dickey_Collas39,Participatory,Fair,Low,yes,3,2,1,Goverance_Participatory
Goverance,Organization,Dickey_Collas,Dickey_Collas42,Transparent,Excellent,Low,yes,3,4,1,Goverance_Transparent
Goverance,Organization,Dickey_Collas,Dickey_Collas44,Polycentric,Fair,Low,yes,3,2,1,Goverance_Polycentric
Goverance,Organization,Dickey_Collas,Dickey_Collas45,Cross-scale integration,Fair,Low,yes,3,2,1,Goverance_Cross_scale_integration
Goverance,Learning,Dickey_Collas,Dickey_Collas47,Adaptive,Fair,Low,yes,3,2,1,Goverance_Adaptive
Goverance,Agency,Dickey_Collas,Dickey_Collas49,Leadership and initiative,Fair,Low,yes,3,2,1,Goverance_Leadership_and_initiative
Ecological,Assets,Eurich,Eurich1,Population abundance,Excellent,Medium,yes,2,4,2,Ecological_Population_abundance
Ecological,Assets,Eurich,Eurich2,Age structure,Good,Medium,yes,2,3,2,Ecological_Age_structure
Ecological,Assets,Eurich,Eurich3,Genetic diversity,Low,Low,yes,3,1,1,Ecological_Genetic_diversity
Ecological,Assets,Eurich,Eurich4,Species diversity,Excellent,High,yes,4,4,3,Ecological_Species_diversity
Ecological,Flexibility,Eurich,Eurich6,Adult mobility,Excellent,Low,no,1,4,1,Ecological_Adult_mobility
Ecological,Flexibility,Eurich,Eurich7,Larval dispersal,Good,High,yes,4,3,3,Ecological_Larval_dispersal
Ecological,Flexibility,Eurich,Eurich8,Environmental niche breadth,Good,Medium,yes,3,3,2,Ecological_Environmental_niche_breadth
Ecological,Flexibility,Eurich,Eurich9,Dietary flexibility,Excellent,Low,no,1,4,1,Ecological_Dietary_flexibility
Ecological,Flexibility,Eurich,Eurich10,Habitat diversity,Excellent,Medium,yes,3,4,2,Ecological_Habitat_diversity
Ecological,Flexibility,Eurich,Eurich11,Plasticity,Excellent,High,yes,4,4,3,Ecological_Plasticity
Ecological,Flexibility,Eurich,Eurich12,Evolutionary potential,Excellent,High,yes,4,4,3,Ecological_Evolutionary_potential
Ecological,Organization,Eurich,Eurich14,Ecosystem connectivity,Good,High,yes,3,3,3,Ecological_Ecosystem_connectivity
Ecological,Organization,Eurich,Eurich15,Population modularity,Fair,Low,yes,2,2,1,Ecological_Population_modularity
Social-economic,Assets,Eurich,Eurich17,Wealth and reserves,Good,Medium,yes,2,3,2,Social_economic_Wealth_and_reserves
Social-economic,Assets,Eurich,Eurich18,Economic diversity,Fair,Medium,yes,2,2,2,Social_economic_Economic_diversity
Social-economic,Assets,Eurich,Eurich19,Social diversity,No data,Medium,yes,2,0,2,Social_economic_Social_diversity
Social-economic,Flexibility,Eurich,Eurich21,Flexible and agile infrstructure,Good,Medium,no,1,3,2,Social_economic_Flexible_and_agile_infrstructure
Social-economic,Flexibility,Eurich,Eurich22,Mobility,Good,Medium,yes,2,3,2,Social_economic_Mobility
Social-economic,Flexibility,Eurich,Eurich23,Economic opportunity,Fair,Medium,yes,2,2,2,Social_economic_Economic_opportunity
Social-economic,Flexibility,Eurich,Eurich24,Resilience mindset,Good,High,yes,4,3,3,Social_economic_Resilience_mindset
Social-economic,Flexibility,Eurich,Eurich25,Place attachment,Good,High,yes,4,3,3,Social_economic_Place_attachment
Social-economic,Organization,Eurich,Eurich27,Social capital,Fair,Medium,yes,3,2,2,Social_economic_Social_capital
Social-economic,Organization,Eurich,Eurich28,Technology transfer,Fair,Low,yes,1,2,1,Social_economic_Technology_transfer
Social-economic,Organization,Eurich,Eurich29,Modular infrastructure,Good,Low,yes,2,3,1,Social_economic_Modular_infrastructure
Social-economic,Learning,Eurich,Eurich31,Knowledge diversity,Fair,Medium,yes,3,2,2,Social_economic_Knowledge_diversity
Social-economic,Learning,Eurich,Eurich32,Knowledge access,Fair,Medium,yes,3,2,2,Social_economic_Knowledge_access
Social-economic,Learning,Eurich,Eurich33,Learning capacity,Good,Medium,yes,3,3,2,Social_economic_Learning_capacity
Social-economic,Agency,Eurich,Eurich35,Agency,Good,High,yes,4,3,3,Social_economic_Agency
Goverance,Flexibility,Eurich,Eurich37,Responsive,Good,Medium,yes,2,3,2,Goverance_Responsive
Goverance,Organization,Eurich,Eurich39,Participatory,Good,High,yes,4,3,3,Goverance_Participatory
Goverance,Organization,Eurich,Eurich40,Equitable and inclusive,Fair,High,yes,3,2,3,Goverance_Equitable_and_inclusive
Goverance,Organization,Eurich,Eurich41,Accountable,Fair,Medium,yes,4,2,2,Goverance_Accountable
Goverance,Organization,Eurich,Eurich42,Transparent,Fair,Medium,yes,2,2,2,Goverance_Transparent
Goverance,Organization,Eurich,Eurich43,Effective and efficient,Good,High,yes,2,3,3,Goverance_Effective_and_efficient
Goverance,Organization,Eurich,Eurich44,Polycentric,Fair,High,yes,3,2,3,Goverance_Polycentric
Goverance,Organization,Eurich,Eurich45,Cross-scale integration,Good,High,yes,3,3,3,Goverance_Cross_scale_integration
Goverance,Learning,Eurich,Eurich47,Adaptive,Good,High,yes,4,3,3,Goverance_Adaptive
Goverance,Agency,Eurich,Eurich49,Leadership and initiative,Fair,High,yes,3,2,3,Goverance_Leadership_and_initiative
Ecological,Assets,Free,Free1,Population abundance,Excellent,High,yes,4,4,3,Ecological_Population_abundance
Ecological,Assets,Free,Free2,Age structure,Excellent,Medium,yes,3,4,2,Ecological_Age_structure
Ecological,Assets,Free,Free3,Genetic diversity,Excellent,Low,yes,4,4,1,Ecological_Genetic_diversity
Ecological,Assets,Free,Free4,Species diversity,Excellent,Low,yes,3,4,1,Ecological_Species_diversity
Ecological,Flexibility,Free,Free6,Adult mobility,Excellent,Low,yes,2,4,1,Ecological_Adult_mobility
Ecological,Flexibility,Free,Free7,Larval dispersal,Excellent,Medium,yes,4,4,2,Ecological_Larval_dispersal
Ecological,Flexibility,Free,Free8,Environmental niche breadth,Good,Medium,yes,3,3,2,Ecological_Environmental_niche_breadth
Ecological,Flexibility,Free,Free9,Dietary flexibility,Excellent,Medium,yes,4,4,2,Ecological_Dietary_flexibility
Ecological,Flexibility,Free,Free10,Habitat diversity,Excellent,Low,no,2,4,1,Ecological_Habitat_diversity
Ecological,Flexibility,Free,Free11,Plasticity,Good,Medium,yes,3,3,2,Ecological_Plasticity
Ecological,Flexibility,Free,Free12,Evolutionary potential,Good,Low,yes,3,3,1,Ecological_Evolutionary_potential
Ecological,Organization,Free,Free14,Ecosystem connectivity,Excellent,Low,yes,3,4,1,Ecological_Ecosystem_connectivity
Ecological,Organization,Free,Free15,Population modularity,Excellent,Low,yes,1,4,1,Ecological_Population_modularity
Social-economic,Assets,Free,Free17,Wealth and reserves,Low,High,yes,3,1,3,Social_economic_Wealth_and_reserves
Social-economic,Assets,Free,Free18,Economic diversity,Fair,High,yes,2,2,3,Social_economic_Economic_diversity
Social-economic,Assets,Free,Free19,Social diversity,No data,Low,yes,2,0,1,Social_economic_Social_diversity
Social-economic,Flexibility,Free,Free21,Flexible and agile infrstructure,Good,Medium,yes,2,3,2,Social_economic_Flexible_and_agile_infrstructure
Social-economic,Flexibility,Free,Free22,Mobility,Good,High,yes,3,3,3,Social_economic_Mobility
Social-economic,Flexibility,Free,Free23,Economic opportunity,Good,High,yes,3,3,3,Social_economic_Economic_opportunity
Social-economic,Flexibility,Free,Free24,Resilience mindset,Low,High,yes,3,1,3,Social_economic_Resilience_mindset
Social-economic,Flexibility,Free,Free25,Place attachment,Fair,Medium,no,3,2,2,Social_economic_Place_attachment
Social-economic,Organization,Free,Free27,Social capital,Good,High,yes,3,3,3,Social_economic_Social_capital
Social-economic,Organization,Free,Free28,Technology transfer,Fair,Low,yes,2,2,1,Social_economic_Technology_transfer
Social-economic,Organization,Free,Free29,Modular infrastructure,Low,Low,yes,2,1,1,Social_economic_Modular_infrastructure
Social-economic,Learning,Free,Free31,Knowledge diversity,Fair,Medium,yes,3,2,2,Social_economic_Knowledge_diversity
Social-economic,Learning,Free,Free32,Knowledge access,Excellent,High,yes,3,4,3,Social_economic_Knowledge_access
Social-economic,Learning,Free,Free33,Learning capacity,Good,High,yes,4,3,3,Social_economic_Learning_capacity
Social-economic,Agency,Free,Free35,Agency,Low,Medium,yes,3,1,2,Social_economic_Agency
Goverance,Flexibility,Free,Free37,Responsive,Fair,High,yes,2,2,3,Goverance_Responsive
Goverance,Organization,Free,Free39,Participatory,Excellent,High,yes,3,4,3,Goverance_Participatory
Goverance,Organization,Free,Free40,Equitable and inclusive,Good,High,yes,3,3,3,Goverance_Equitable_and_inclusive
Goverance,Organization,Free,Free41,Accountable,Excellent,High,yes,4,4,3,Goverance_Accountable
Goverance,Organization,Free,Free42,Transparent,Excellent,High,yes,3,4,3,Goverance_Transparent
Goverance,Organization,Free,Free43,Effective and efficient,Good,High,yes,2,3,3,Goverance_Effective_and_efficient
Goverance,Organization,Free,Free44,Polycentric,Excellent,High,yes,4,4,3,Goverance_Polycentric
Goverance,Organization,Free,Free45,Cross-scale integration,Excellent,High,yes,4,4,3,Goverance_Cross_scale_integration
Goverance,Learning,Free,Free47,Adaptive,Fair,High,yes,2,2,3,Goverance_Adaptive
Goverance,Agency,Free,Free49,Leadership and initiative,Good,High,yes,4,3,3,Goverance_Leadership_and_initiative
Ecological,Assets,Friedman,Friedman1,Population abundance,Excellent,High,yes,3,4,3,Ecological_Population_abundance
Ecological,Assets,Friedman,Friedman2,Age structure,Excellent,High,yes,3,4,3,Ecological_Age_structure
Ecological,Assets,Friedman,Friedman3,Genetic diversity,Fair,High,yes,4,2,3,Ecological_Genetic_diversity
Ecological,Assets,Friedman,Friedman4,Species diversity,Excellent,High,yes,4,4,3,Ecological_Species_diversity
Ecological,Flexibility,Friedman,Friedman6,Adult mobility,Excellent,Medium,yes,2,4,2,Ecological_Adult_mobility
Ecological,Flexibility,Friedman,Friedman7,Larval dispersal,Good,High,yes,3,3,3,Ecological_Larval_dispersal
Ecological,Flexibility,Friedman,Friedman8,Environmental niche breadth,Excellent,High,yes,3,4,3,Ecological_Environmental_niche_breadth
Ecological,Flexibility,Friedman,Friedman9,Dietary flexibility,Excellent,Medium,yes,4,4,2,Ecological_Dietary_flexibility
Ecological,Flexibility,Friedman,Friedman10,Habitat diversity,Excellent,High,yes,4,4,3,Ecological_Habitat_diversity
Ecological,Flexibility,Friedman,Friedman11,Plasticity,Excellent,Medium,NA,2,4,2,Ecological_Plasticity
Ecological,Flexibility,Friedman,Friedman12,Evolutionary potential,Excellent,High,NA,3,4,3,Ecological_Evolutionary_potential
Ecological,Organization,Friedman,Friedman14,Ecosystem connectivity,Good,High,NA,3,3,3,Ecological_Ecosystem_connectivity
Ecological,Organization,Friedman,Friedman15,Population modularity,Good,Medium,NA,2,3,2,Ecological_Population_modularity
Social-economic,Assets,Friedman,Friedman17,Wealth and reserves,Excellent,High,NA,3,4,3,Social_economic_Wealth_and_reserves
Social-economic,Assets,Friedman,Friedman18,Economic diversity,Excellent,High,NA,2,4,3,Social_economic_Economic_diversity
Social-economic,Assets,Friedman,Friedman19,Social diversity,Excellent,Medium,NA,3,4,2,Social_economic_Social_diversity
Social-economic,Flexibility,Friedman,Friedman21,Flexible and agile infrstructure,Excellent,High,NA,4,4,3,Social_economic_Flexible_and_agile_infrstructure
Social-economic,Flexibility,Friedman,Friedman22,Mobility,Excellent,Medium,NA,2,4,2,Social_economic_Mobility
Social-economic,Flexibility,Friedman,Friedman23,Economic opportunity,Excellent,High,NA,2,4,3,Social_economic_Economic_opportunity
Social-economic,Flexibility,Friedman,Friedman24,Resilience mindset,Good,Medium,NA,3,3,2,Social_economic_Resilience_mindset
Social-economic,Flexibility,Friedman,Friedman25,Place attachment,Excellent,High,NA,4,4,3,Social_economic_Place_attachment
Social-economic,Organization,Friedman,Friedman27,Social capital,Excellent,High,NA,4,4,3,Social_economic_Social_capital
Social-economic,Organization,Friedman,Friedman28,Technology transfer,Excellent,High,NA,2,4,3,Social_economic_Technology_transfer
Social-economic,Organization,Friedman,Friedman29,Modular infrastructure,Excellent,High,NA,2,4,3,Social_economic_Modular_infrastructure
Social-economic,Learning,Friedman,Friedman31,Knowledge diversity,Excellent,High,NA,3,4,3,Social_economic_Knowledge_diversity
Social-economic,Learning,Friedman,Friedman32,Knowledge access,Excellent,High,NA,2,4,3,Social_economic_Knowledge_access
Social-economic,Learning,Friedman,Friedman33,Learning capacity,Good,High,NA,3,3,3,Social_economic_Learning_capacity
Social-economic,Agency,Friedman,Friedman35,Agency,Good,Medium,NA,3,3,2,Social_economic_Agency
Goverance,Flexibility,Friedman,Friedman37,Responsive,Excellent,High,NA,2,4,3,Goverance_Responsive
Goverance,Organization,Friedman,Friedman39,Participatory,Excellent,High,NA,3,4,3,Goverance_Participatory
Goverance,Organization,Friedman,Friedman40,Equitable and inclusive,Good,High,NA,2,3,3,Goverance_Equitable_and_inclusive
Goverance,Organization,Friedman,Friedman41,Accountable,Good,Medium,NA,2,3,2,Goverance_Accountable
Goverance,Organization,Friedman,Friedman42,Transparent,Good,High,NA,2,3,3,Goverance_Transparent
Goverance,Organization,Friedman,Friedman43,Effective and efficient,Excellent,High,NA,1,4,3,Goverance_Effective_and_efficient
Goverance,Organization,Friedman,Friedman44,Polycentric,Excellent,Medium,NA,2,4,2,Goverance_Polycentric
Goverance,Organization,Friedman,Friedman45,Cross-scale integration,Good,Low,NA,2,3,1,Goverance_Cross_scale_integration
Goverance,Learning,Friedman,Friedman47,Adaptive,Excellent,High,NA,2,4,3,Goverance_Adaptive
Goverance,Agency,Friedman,Friedman49,Leadership and initiative,Excellent,Medium,NA,4,4,2,Goverance_Leadership_and_initiative
Ecological,Assets,Golden,Golden1,Population abundance,Excellent,High,NA,2,4,3,Ecological_Population_abundance
Ecological,Assets,Golden,Golden4,Species diversity,Excellent,High,NA,4,4,3,Ecological_Species_diversity
Ecological,Flexibility,Golden,Golden6,Adult mobility,Fair,Low,NA,2,2,1,Ecological_Adult_mobility
Ecological,Flexibility,Golden,Golden8,Environmental niche breadth,Fair,High,NA,2,2,3,Ecological_Environmental_niche_breadth
Ecological,Flexibility,Golden,Golden9,Dietary flexibility,Fair,Low,NA,3,2,1,Ecological_Dietary_flexibility
Ecological,Flexibility,Golden,Golden10,Habitat diversity,Fair,Medium,NA,3,2,2,Ecological_Habitat_diversity
Ecological,Flexibility,Golden,Golden12,Evolutionary potential,Fair,High,NA,2,2,3,Ecological_Evolutionary_potential
Ecological,Organization,Golden,Golden14,Ecosystem connectivity,Low,Medium,NA,2,1,2,Ecological_Ecosystem_connectivity
Ecological,Organization,Golden,Golden15,Population modularity,Low,High,NA,4,1,3,Ecological_Population_modularity
Social-economic,Assets,Golden,Golden17,Wealth and reserves,Excellent,Low,NA,2,4,1,Social_economic_Wealth_and_reserves
Social-economic,Assets,Golden,Golden18,Economic diversity,Excellent,High,NA,2,4,3,Social_economic_Economic_diversity
Social-economic,Assets,Golden,Golden19,Social diversity,Excellent,Low,NA,2,4,1,Social_economic_Social_diversity
Social-economic,Flexibility,Golden,Golden21,Flexible and agile infrstructure,Excellent,Low,NA,1,4,1,Social_economic_Flexible_and_agile_infrstructure
Social-economic,Flexibility,Golden,Golden22,Mobility,Fair,High,NA,2,2,3,Social_economic_Mobility
Social-economic,Flexibility,Golden,Golden23,Economic opportunity,Excellent,High,NA,2,4,3,Social_economic_Economic_opportunity
Social-economic,Flexibility,Golden,Golden24,Resilience mindset,Fair,Medium,NA,4,2,2,Social_economic_Resilience_mindset
Social-economic,Flexibility,Golden,Golden25,Place attachment,Fair,High,NA,4,2,3,Social_economic_Place_attachment
Social-economic,Organization,Golden,Golden27,Social capital,Excellent,Low,NA,4,4,1,Social_economic_Social_capital
Social-economic,Organization,Golden,Golden28,Technology transfer,Fair,Low,NA,2,2,1,Social_economic_Technology_transfer
Social-economic,Learning,Golden,Golden31,Knowledge diversity,Excellent,Low,NA,3,4,1,Social_economic_Knowledge_diversity
Social-economic,Learning,Golden,Golden32,Knowledge access,Excellent,Low,NA,1,4,1,Social_economic_Knowledge_access
Social-economic,Learning,Golden,Golden33,Learning capacity,Excellent,High,NA,3,4,3,Social_economic_Learning_capacity
Social-economic,Agency,Golden,Golden35,Agency,Excellent,Low,NA,2,4,1,Social_economic_Agency
Goverance,Flexibility,Golden,Golden37,Responsive,Fair,Medium,NA,2,2,2,Goverance_Responsive
Goverance,Organization,Golden,Golden39,Participatory,Good,Medium,NA,3,3,2,Goverance_Participatory
Goverance,Organization,Golden,Golden40,Equitable and inclusive,Good,High,NA,2,3,3,Goverance_Equitable_and_inclusive
Goverance,Organization,Golden,Golden41,Accountable,Excellent,High,NA,3,4,3,Goverance_Accountable
Goverance,Organization,Golden,Golden42,Transparent,Excellent,Low,NA,3,4,1,Goverance_Transparent
Goverance,Organization,Golden,Golden43,Effective and efficient,Good,High,NA,3,3,3,Goverance_Effective_and_efficient
Goverance,Organization,Golden,Golden44,Polycentric,Excellent,Medium,NA,3,4,2,Goverance_Polycentric
Goverance,Organization,Golden,Golden45,Cross-scale integration,Fair,Low,NA,3,2,1,Goverance_Cross_scale_integration
Goverance,Learning,Golden,Golden47,Adaptive,Excellent,Medium,NA,2,4,2,Goverance_Adaptive
Goverance,Agency,Golden,Golden49,Leadership and initiative,Good,Medium,NA,2,3,2,Goverance_Leadership_and_initiative
Ecological,Assets,Hollowed,Hollowed1,Population abundance,Excellent,High,yes,3,4,3,Ecological_Population_abundance
Ecological,Assets,Hollowed,Hollowed2,Age structure,Excellent,High,yes,3,4,3,Ecological_Age_structure
Ecological,Assets,Hollowed,Hollowed3,Genetic diversity,Good,Medium,yes,2,3,2,Ecological_Genetic_diversity
Ecological,Assets,Hollowed,Hollowed4,Species diversity,Excellent,High,yes,3,4,3,Ecological_Species_diversity
Ecological,Flexibility,Hollowed,Hollowed6,Adult mobility,Excellent,Medium,yes,3,4,2,Ecological_Adult_mobility
Ecological,Flexibility,Hollowed,Hollowed7,Larval dispersal,Excellent,Medium,yes,3,4,2,Ecological_Larval_dispersal
Ecological,Flexibility,Hollowed,Hollowed8,Environmental niche breadth,Excellent,High,yes,3,4,3,Ecological_Environmental_niche_breadth
Ecological,Flexibility,Hollowed,Hollowed9,Dietary flexibility,Excellent,Medium,yes,3,4,2,Ecological_Dietary_flexibility
Ecological,Flexibility,Hollowed,Hollowed10,Habitat diversity,Excellent,Medium,yes,3,4,2,Ecological_Habitat_diversity
Ecological,Flexibility,Hollowed,Hollowed11,Plasticity,Excellent,Medium,yes,3,4,2,Ecological_Plasticity
Ecological,Flexibility,Hollowed,Hollowed12,Evolutionary potential,Good,High,yes,2,3,3,Ecological_Evolutionary_potential
Ecological,Organization,Hollowed,Hollowed14,Ecosystem connectivity,Excellent,High,yes,4,4,3,Ecological_Ecosystem_connectivity
Ecological,Organization,Hollowed,Hollowed15,Population modularity,Excellent,Medium,yes,3,4,2,Ecological_Population_modularity
Social-economic,Assets,Hollowed,Hollowed17,Wealth and reserves,Fair,High,yes,4,2,3,Social_economic_Wealth_and_reserves
Social-economic,Assets,Hollowed,Hollowed18,Economic diversity,Good,High,yes,1,3,3,Social_economic_Economic_diversity
Social-economic,Assets,Hollowed,Hollowed19,Social diversity,Good,Medium,yes,3,3,2,Social_economic_Social_diversity
Social-economic,Flexibility,Hollowed,Hollowed21,Flexible and agile infrstructure,Good,High,no,2,3,3,Social_economic_Flexible_and_agile_infrstructure
Social-economic,Flexibility,Hollowed,Hollowed22,Mobility,Excellent,Medium,no,3,4,2,Social_economic_Mobility
Social-economic,Flexibility,Hollowed,Hollowed23,Economic opportunity,Good,Low,yes,2,3,1,Social_economic_Economic_opportunity
Social-economic,Flexibility,Hollowed,Hollowed24,Resilience mindset,Fair,High,yes,3,2,3,Social_economic_Resilience_mindset
Social-economic,Flexibility,Hollowed,Hollowed25,Place attachment,Excellent,High,yes,4,4,3,Social_economic_Place_attachment
Social-economic,Organization,Hollowed,Hollowed27,Social capital,Excellent,High,yes,3,4,3,Social_economic_Social_capital
Social-economic,Organization,Hollowed,Hollowed28,Technology transfer,Excellent,High,yes,4,4,3,Social_economic_Technology_transfer
Social-economic,Organization,Hollowed,Hollowed29,Modular infrastructure,Low,Medium,yes,1,1,2,Social_economic_Modular_infrastructure
Social-economic,Learning,Hollowed,Hollowed31,Knowledge diversity,Excellent,Medium,yes,4,4,2,Social_economic_Knowledge_diversity
Social-economic,Learning,Hollowed,Hollowed32,Knowledge access,Excellent,High,yes,3,4,3,Social_economic_Knowledge_access
Social-economic,Learning,Hollowed,Hollowed33,Learning capacity,Excellent,High,yes,4,4,3,Social_economic_Learning_capacity
Social-economic,Agency,Hollowed,Hollowed35,Agency,Excellent,High,yes,4,4,3,Social_economic_Agency
Goverance,Flexibility,Hollowed,Hollowed37,Responsive,Excellent,High,yes,4,4,3,Goverance_Responsive
Goverance,Organization,Hollowed,Hollowed39,Participatory,Excellent,Medium,yes,3,4,2,Goverance_Participatory
Goverance,Organization,Hollowed,Hollowed40,Equitable and inclusive,Good,Medium,yes,3,3,2,Goverance_Equitable_and_inclusive
Goverance,Organization,Hollowed,Hollowed41,Accountable,Excellent,High,yes,4,4,3,Goverance_Accountable
Goverance,Organization,Hollowed,Hollowed42,Transparent,Good,Medium,yes,3,3,2,Goverance_Transparent
Goverance,Organization,Hollowed,Hollowed43,Effective and efficient,Good,High,yes,4,3,3,Goverance_Effective_and_efficient
Goverance,Organization,Hollowed,Hollowed44,Polycentric,Excellent,Low,yes,2,4,1,Goverance_Polycentric
Goverance,Organization,Hollowed,Hollowed45,Cross-scale integration,Fair,Medium,yes,3,2,2,Goverance_Cross_scale_integration
Goverance,Learning,Hollowed,Hollowed47,Adaptive,Excellent,High,yes,4,4,3,Goverance_Adaptive
Goverance,Agency,Hollowed,Hollowed49,Leadership and initiative,Fair,Medium,yes,3,2,2,Goverance_Leadership_and_initiative
Ecological,Assets,Kleisner,Kleisner1,Population abundance,Fair,High,yes,3,2,3,Ecological_Population_abundance
Ecological,Assets,Kleisner,Kleisner2,Age structure,Fair,High,yes,3,2,3,Ecological_Age_structure
Ecological,Assets,Kleisner,Kleisner3,Genetic diversity,Fair,High,NA,2,2,3,Ecological_Genetic_diversity
Ecological,Assets,Kleisner,Kleisner4,Species diversity,Excellent,High,yes,4,4,3,Ecological_Species_diversity
Ecological,Flexibility,Kleisner,Kleisner6,Adult mobility,Fair,Low,yes,3,2,1,Ecological_Adult_mobility
Ecological,Flexibility,Kleisner,Kleisner7,Larval dispersal,Good,Medium,yes,3,3,2,Ecological_Larval_dispersal
Ecological,Flexibility,Kleisner,Kleisner8,Environmental niche breadth,Fair,High,yes,2,2,3,Ecological_Environmental_niche_breadth
Ecological,Flexibility,Kleisner,Kleisner9,Dietary flexibility,Fair,Medium,yes,3,2,2,Ecological_Dietary_flexibility
Ecological,Flexibility,Kleisner,Kleisner10,Habitat diversity,Good,Medium,yes,2,3,2,Ecological_Habitat_diversity
Ecological,Flexibility,Kleisner,Kleisner11,Plasticity,Good,Low,NA,2,3,1,Ecological_Plasticity
Ecological,Flexibility,Kleisner,Kleisner12,Evolutionary potential,Fair,Medium,no,2,2,2,Ecological_Evolutionary_potential
Ecological,Organization,Kleisner,Kleisner14,Ecosystem connectivity,Fair,Medium,yes,3,2,2,Ecological_Ecosystem_connectivity
Ecological,Organization,Kleisner,Kleisner15,Population modularity,Fair,Medium,yes,3,2,2,Ecological_Population_modularity
Social-economic,Assets,Kleisner,Kleisner17,Wealth and reserves,Fair,High,yes,3,2,3,Social_economic_Wealth_and_reserves
Social-economic,Assets,Kleisner,Kleisner18,Economic diversity,Fair,High,yes,2,2,3,Social_economic_Economic_diversity
Social-economic,Assets,Kleisner,Kleisner19,Social diversity,Low,Medium,yes,3,1,2,Social_economic_Social_diversity
Social-economic,Flexibility,Kleisner,Kleisner21,Flexible and agile infrstructure,Fair,Medium,yes,2,2,2,Social_economic_Flexible_and_agile_infrstructure
Social-economic,Flexibility,Kleisner,Kleisner22,Mobility,Fair,High,yes,2,2,3,Social_economic_Mobility
Social-economic,Flexibility,Kleisner,Kleisner23,Economic opportunity,Fair,High,yes,3,2,3,Social_economic_Economic_opportunity
Social-economic,Flexibility,Kleisner,Kleisner24,Resilience mindset,Fair,High,yes,3,2,3,Social_economic_Resilience_mindset
Social-economic,Flexibility,Kleisner,Kleisner25,Place attachment,Fair,High,yes,4,2,3,Social_economic_Place_attachment
Social-economic,Organization,Kleisner,Kleisner27,Social capital,Fair,High,yes,4,2,3,Social_economic_Social_capital
Social-economic,Organization,Kleisner,Kleisner28,Technology transfer,Low,Low,NA,2,1,1,Social_economic_Technology_transfer
Social-economic,Organization,Kleisner,Kleisner29,Modular infrastructure,Fair,Low,NA,3,2,1,Social_economic_Modular_infrastructure
Social-economic,Learning,Kleisner,Kleisner31,Knowledge diversity,Fair,Medium,yes,3,2,2,Social_economic_Knowledge_diversity
Social-economic,Learning,Kleisner,Kleisner32,Knowledge access,Fair,Medium,yes,3,2,2,Social_economic_Knowledge_access
Social-economic,Learning,Kleisner,Kleisner33,Learning capacity,Fair,High,yes,4,2,3,Social_economic_Learning_capacity
Social-economic,Agency,Kleisner,Kleisner35,Agency,Low,High,yes,3,1,3,Social_economic_Agency
Goverance,Flexibility,Kleisner,Kleisner37,Responsive,Fair,Medium,yes,3,2,2,Goverance_Responsive
Goverance,Organization,Kleisner,Kleisner39,Participatory,Fair,High,yes,3,2,3,Goverance_Participatory
Goverance,Organization,Kleisner,Kleisner40,Equitable and inclusive,Fair,High,yes,3,2,3,Goverance_Equitable_and_inclusive
Goverance,Organization,Kleisner,Kleisner41,Accountable,Fair,Medium,yes,4,2,2,Goverance_Accountable
Goverance,Organization,Kleisner,Kleisner42,Transparent,Fair,Medium,yes,3,2,2,Goverance_Transparent
Goverance,Organization,Kleisner,Kleisner43,Effective and efficient,Fair,Medium,yes,3,2,2,Goverance_Effective_and_efficient
Goverance,Organization,Kleisner,Kleisner44,Polycentric,Fair,Medium,yes,3,2,2,Goverance_Polycentric
Goverance,Organization,Kleisner,Kleisner45,Cross-scale integration,Fair,High,yes,2,2,3,Goverance_Cross_scale_integration
Goverance,Learning,Kleisner,Kleisner47,Adaptive,Fair,High,yes,2,2,3,Goverance_Adaptive
Goverance,Agency,Kleisner,Kleisner49,Leadership and initiative,Fair,High,yes,4,2,3,Goverance_Leadership_and_initiative
Ecological,Assets,Lau,Lau1,Population abundance,Good,Medium,yes,3,3,2,Ecological_Population_abundance
Ecological,Assets,Lau,Lau2,Age structure,Good,Low,yes,2,3,1,Ecological_Age_structure
Ecological,Assets,Lau,Lau4,Species diversity,Excellent,High,yes,3,4,3,Ecological_Species_diversity
Ecological,Flexibility,Lau,Lau6,Adult mobility,Fair,Low,yes,2,2,1,Ecological_Adult_mobility
Ecological,Flexibility,Lau,Lau7,Larval dispersal,Fair,High,yes,3,2,3,Ecological_Larval_dispersal
Ecological,Flexibility,Lau,Lau10,Habitat diversity,Excellent,High,yes,3,4,3,Ecological_Habitat_diversity
Ecological,Flexibility,Lau,Lau11,Plasticity,Low,Low,yes,2,1,1,Ecological_Plasticity
Ecological,Organization,Lau,Lau14,Ecosystem connectivity,Fair,High,yes,3,2,3,Ecological_Ecosystem_connectivity
Ecological,Organization,Lau,Lau15,Population modularity,Fair,High,no,1,2,3,Ecological_Population_modularity
Social-economic,Assets,Lau,Lau17,Wealth and reserves,Good,Medium,yes,2,3,2,Social_economic_Wealth_and_reserves
Social-economic,Assets,Lau,Lau18,Economic diversity,Good,High,yes,2,3,3,Social_economic_Economic_diversity
Social-economic,Assets,Lau,Lau19,Social diversity,Good,Medium,yes,2,3,2,Social_economic_Social_diversity
Social-economic,Flexibility,Lau,Lau21,Flexible and agile infrstructure,Good,Medium,yes,2,3,2,Social_economic_Flexible_and_agile_infrstructure
Social-economic,Flexibility,Lau,Lau22,Mobility,Good,Medium,yes,2,3,2,Social_economic_Mobility
Social-economic,Flexibility,Lau,Lau23,Economic opportunity,Good,Medium,yes,2,3,2,Social_economic_Economic_opportunity
Social-economic,Flexibility,Lau,Lau24,Resilience mindset,Good,High,yes,2,3,3,Social_economic_Resilience_mindset
Social-economic,Flexibility,Lau,Lau25,Place attachment,Excellent,High,no,4,4,3,Social_economic_Place_attachment
Social-economic,Organization,Lau,Lau27,Social capital,Excellent,High,yes,4,4,3,Social_economic_Social_capital
Social-economic,Organization,Lau,Lau28,Technology transfer,Fair,Medium,yes,2,2,2,Social_economic_Technology_transfer
Social-economic,Organization,Lau,Lau29,Modular infrastructure,Good,Medium,no,2,3,2,Social_economic_Modular_infrastructure
Social-economic,Learning,Lau,Lau31,Knowledge diversity,Good,Medium,yes,2,3,2,Social_economic_Knowledge_diversity
Social-economic,Learning,Lau,Lau32,Knowledge access,Good,Medium,yes,2,3,2,Social_economic_Knowledge_access
Social-economic,Learning,Lau,Lau33,Learning capacity,Good,High,yes,3,3,3,Social_economic_Learning_capacity
Social-economic,Agency,Lau,Lau35,Agency,Good,High,yes,3,3,3,Social_economic_Agency
Goverance,Flexibility,Lau,Lau37,Responsive,Excellent,Medium,yes,4,4,2,Goverance_Responsive
Goverance,Organization,Lau,Lau39,Participatory,Good,High,yes,3,3,3,Goverance_Participatory
Goverance,Organization,Lau,Lau40,Equitable and inclusive,Good,Medium,no,3,3,2,Goverance_Equitable_and_inclusive
Goverance,Organization,Lau,Lau41,Accountable,Good,Medium,yes,2,3,2,Goverance_Accountable
Goverance,Organization,Lau,Lau42,Transparent,Good,Medium,yes,3,3,2,Goverance_Transparent
Goverance,Organization,Lau,Lau43,Effective and efficient,Good,Medium,yes,2,3,2,Goverance_Effective_and_efficient
Goverance,Organization,Lau,Lau44,Polycentric,Good,Low,yes,2,3,1,Goverance_Polycentric
Goverance,Organization,Lau,Lau45,Cross-scale integration,Good,Medium,yes,2,3,2,Goverance_Cross_scale_integration
Goverance,Learning,Lau,Lau47,Adaptive,Excellent,High,yes,4,4,3,Goverance_Adaptive
Goverance,Agency,Lau,Lau49,Leadership and initiative,Excellent,High,yes,4,4,3,Goverance_Leadership_and_initiative
Ecological,Assets,Mason,Mason1,Population abundance,Excellent,High,yes,4,4,3,Ecological_Population_abundance
Ecological,Assets,Mason,Mason2,Age structure,Excellent,High,yes,3,4,3,Ecological_Age_structure
Ecological,Assets,Mason,Mason3,Genetic diversity,Excellent,Low,yes,3,4,1,Ecological_Genetic_diversity
Ecological,Assets,Mason,Mason4,Species diversity,Excellent,Medium,yes,3,4,2,Ecological_Species_diversity
Ecological,Flexibility,Mason,Mason6,Adult mobility,Excellent,Medium,yes,4,4,2,Ecological_Adult_mobility
Ecological,Flexibility,Mason,Mason7,Larval dispersal,Excellent,High,yes,4,4,3,Ecological_Larval_dispersal
Ecological,Flexibility,Mason,Mason8,Environmental niche breadth,Excellent,Medium,yes,3,4,2,Ecological_Environmental_niche_breadth
Ecological,Flexibility,Mason,Mason9,Dietary flexibility,Good,High,no,3,3,3,Ecological_Dietary_flexibility
Ecological,Flexibility,Mason,Mason10,Habitat diversity,Good,Low,yes,3,3,1,Ecological_Habitat_diversity
Ecological,Flexibility,Mason,Mason11,Plasticity,Good,Low,yes,2,3,1,Ecological_Plasticity
Ecological,Flexibility,Mason,Mason12,Evolutionary potential,Good,Low,yes,3,3,1,Ecological_Evolutionary_potential
Ecological,Organization,Mason,Mason14,Ecosystem connectivity,Excellent,Low,yes,4,4,1,Ecological_Ecosystem_connectivity
Ecological,Organization,Mason,Mason15,Population modularity,Excellent,Medium,yes,2,4,2,Ecological_Population_modularity
Social-economic,Assets,Mason,Mason17,Wealth and reserves,Excellent,High,yes,4,4,3,Social_economic_Wealth_and_reserves
Social-economic,Assets,Mason,Mason18,Economic diversity,Excellent,High,no,2,4,3,Social_economic_Economic_diversity
Social-economic,Assets,Mason,Mason19,Social diversity,Excellent,Medium,yes,2,4,2,Social_economic_Social_diversity
Social-economic,Flexibility,Mason,Mason21,Flexible and agile infrstructure,Good,High,yes,3,3,3,Social_economic_Flexible_and_agile_infrstructure
Social-economic,Flexibility,Mason,Mason22,Mobility,Excellent,High,yes,4,4,3,Social_economic_Mobility
Social-economic,Flexibility,Mason,Mason23,Economic opportunity,Excellent,High,yes,3,4,3,Social_economic_Economic_opportunity
Social-economic,Flexibility,Mason,Mason24,Resilience mindset,Excellent,High,no,4,4,3,Social_economic_Resilience_mindset
Social-economic,Flexibility,Mason,Mason25,Place attachment,Good,High,yes,4,3,3,Social_economic_Place_attachment
Social-economic,Organization,Mason,Mason27,Social capital,Excellent,High,yes,4,4,3,Social_economic_Social_capital
Social-economic,Organization,Mason,Mason28,Technology transfer,Excellent,High,yes,4,4,3,Social_economic_Technology_transfer
Social-economic,Organization,Mason,Mason29,Modular infrastructure,Good,High,yes,3,3,3,Social_economic_Modular_infrastructure
Social-economic,Learning,Mason,Mason31,Knowledge diversity,Excellent,Medium,yes,2,4,2,Social_economic_Knowledge_diversity
Social-economic,Learning,Mason,Mason32,Knowledge access,Excellent,High,yes,4,4,3,Social_economic_Knowledge_access
Social-economic,Learning,Mason,Mason33,Learning capacity,Excellent,High,yes,3,4,3,Social_economic_Learning_capacity
Social-economic,Agency,Mason,Mason35,Agency,Good,Medium,yes,3,3,2,Social_economic_Agency
Goverance,Flexibility,Mason,Mason37,Responsive,Excellent,High,yes,3,4,3,Goverance_Responsive
Goverance,Organization,Mason,Mason39,Participatory,Excellent,Medium,yes,2,4,2,Goverance_Participatory
Goverance,Organization,Mason,Mason40,Equitable and inclusive,Good,Medium,yes,2,3,2,Goverance_Equitable_and_inclusive
Goverance,Organization,Mason,Mason41,Accountable,Good,Medium,yes,3,3,2,Goverance_Accountable
Goverance,Organization,Mason,Mason42,Transparent,Excellent,High,yes,4,4,3,Goverance_Transparent
Goverance,Organization,Mason,Mason43,Effective and efficient,Good,High,yes,4,3,3,Goverance_Effective_and_efficient
Goverance,Organization,Mason,Mason44,Polycentric,Excellent,Medium,yes,2,4,2,Goverance_Polycentric
Goverance,Organization,Mason,Mason45,Cross-scale integration,Excellent,High,yes,2,4,3,Goverance_Cross_scale_integration
Goverance,Learning,Mason,Mason47,Adaptive,Good,High,yes,3,3,3,Goverance_Adaptive
Goverance,Agency,Mason,Mason49,Leadership and initiative,Good,High,yes,4,3,3,Goverance_Leadership_and_initiative
Ecological,Assets,Mills,Mills1,Population abundance,Excellent,High,yes,4,4,3,Ecological_Population_abundance
Ecological,Assets,Mills,Mills2,Age structure,Excellent,Medium,yes,2,4,2,Ecological_Age_structure
Ecological,Assets,Mills,Mills3,Genetic diversity,Excellent,Low,yes,4,4,1,Ecological_Genetic_diversity
Ecological,Assets,Mills,Mills4,Species diversity,Excellent,High,yes,3,4,3,Ecological_Species_diversity
Ecological,Flexibility,Mills,Mills6,Adult mobility,Excellent,Medium,yes,3,4,2,Ecological_Adult_mobility
Ecological,Flexibility,Mills,Mills7,Larval dispersal,Excellent,Medium,yes,3,4,2,Ecological_Larval_dispersal
Ecological,Flexibility,Mills,Mills8,Environmental niche breadth,Excellent,High,yes,3,4,3,Ecological_Environmental_niche_breadth
Ecological,Flexibility,Mills,Mills9,Dietary flexibility,Excellent,Low,no,4,4,1,Ecological_Dietary_flexibility
Ecological,Flexibility,Mills,Mills10,Habitat diversity,Excellent,Low,no,2,4,1,Ecological_Habitat_diversity
Ecological,Flexibility,Mills,Mills11,Plasticity,Excellent,Medium,yes,3,4,2,Ecological_Plasticity
Ecological,Flexibility,Mills,Mills12,Evolutionary potential,Good,Low,yes,2,3,1,Ecological_Evolutionary_potential
Ecological,Organization,Mills,Mills14,Ecosystem connectivity,Good,Low,no,2,3,1,Ecological_Ecosystem_connectivity
Ecological,Organization,Mills,Mills15,Population modularity,Excellent,High,yes,4,4,3,Ecological_Population_modularity
Social-economic,Assets,Mills,Mills17,Wealth and reserves,Excellent,High,yes,4,4,3,Social_economic_Wealth_and_reserves
Social-economic,Assets,Mills,Mills18,Economic diversity,Excellent,High,no,2,4,3,Social_economic_Economic_diversity
Social-economic,Assets,Mills,Mills19,Social diversity,Good,Low,no,2,3,1,Social_economic_Social_diversity
Social-economic,Flexibility,Mills,Mills22,Mobility,Good,Medium,yes,2,3,2,Social_economic_Mobility
Social-economic,Flexibility,Mills,Mills23,Economic opportunity,Excellent,High,yes,3,4,3,Social_economic_Economic_opportunity
Social-economic,Flexibility,Mills,Mills24,Resilience mindset,Good,High,yes,2,3,3,Social_economic_Resilience_mindset
Social-economic,Flexibility,Mills,Mills25,Place attachment,Good,High,yes,4,3,3,Social_economic_Place_attachment
Social-economic,Organization,Mills,Mills27,Social capital,Good,Medium,no,3,3,2,Social_economic_Social_capital
Social-economic,Organization,Mills,Mills28,Technology transfer,Good,Medium,yes,3,3,2,Social_economic_Technology_transfer
Social-economic,Organization,Mills,Mills29,Modular infrastructure,Low,Medium,yes,2,1,2,Social_economic_Modular_infrastructure
Social-economic,Learning,Mills,Mills31,Knowledge diversity,Excellent,Medium,yes,4,4,2,Social_economic_Knowledge_diversity
Social-economic,Learning,Mills,Mills32,Knowledge access,Excellent,Medium,yes,4,4,2,Social_economic_Knowledge_access
Social-economic,Learning,Mills,Mills33,Learning capacity,Good,Medium,yes,4,3,2,Social_economic_Learning_capacity
Social-economic,Agency,Mills,Mills35,Agency,Good,Medium,yes,4,3,2,Social_economic_Agency
Goverance,Flexibility,Mills,Mills37,Responsive,Good,Medium,yes,4,3,2,Goverance_Responsive
Goverance,Organization,Mills,Mills39,Participatory,Excellent,High,yes,4,4,3,Goverance_Participatory
Goverance,Organization,Mills,Mills40,Equitable and inclusive,Good,Medium,no,2,3,2,Goverance_Equitable_and_inclusive
Goverance,Organization,Mills,Mills41,Accountable,Good,Medium,yes,4,3,2,Goverance_Accountable
Goverance,Organization,Mills,Mills42,Transparent,Excellent,Medium,yes,4,4,2,Goverance_Transparent
Goverance,Organization,Mills,Mills43,Effective and efficient,Excellent,Low,yes,3,4,1,Goverance_Effective_and_efficient
Goverance,Organization,Mills,Mills44,Polycentric,Excellent,Medium,yes,4,4,2,Goverance_Polycentric
Goverance,Organization,Mills,Mills45,Cross-scale integration,Good,High,NA,2,3,3,Goverance_Cross_scale_integration
Goverance,Learning,Mills,Mills47,Adaptive,Good,Low,yes,2,3,1,Goverance_Adaptive
Goverance,Agency,Mills,Mills49,Leadership and initiative,Good,Medium,yes,4,3,2,Goverance_Leadership_and_initiative
Ecological,Assets,Pecl,Pecl1,Population abundance,Excellent,High,yes,2,4,3,Ecological_Population_abundance
Ecological,Assets,Pecl,Pecl2,Age structure,Excellent,High,yes,2,4,3,Ecological_Age_structure
Ecological,Assets,Pecl,Pecl3,Genetic diversity,Fair,Medium,yes,3,2,2,Ecological_Genetic_diversity
Ecological,Assets,Pecl,Pecl4,Species diversity,Excellent,Medium,no,3,4,2,Ecological_Species_diversity
Ecological,Flexibility,Pecl,Pecl6,Adult mobility,Excellent,High,yes,2,4,3,Ecological_Adult_mobility
Ecological,Flexibility,Pecl,Pecl7,Larval dispersal,Excellent,High,yes,4,4,3,Ecological_Larval_dispersal
Ecological,Flexibility,Pecl,Pecl8,Environmental niche breadth,Good,High,yes,2,3,3,Ecological_Environmental_niche_breadth
Ecological,Flexibility,Pecl,Pecl9,Dietary flexibility,Excellent,High,yes,2,4,3,Ecological_Dietary_flexibility
Ecological,Flexibility,Pecl,Pecl10,Habitat diversity,Excellent,High,yes,2,4,3,Ecological_Habitat_diversity
Ecological,Flexibility,Pecl,Pecl11,Plasticity,Fair,High,yes,2,2,3,Ecological_Plasticity
Ecological,Flexibility,Pecl,Pecl12,Evolutionary potential,Good,High,yes,2,3,3,Ecological_Evolutionary_potential
Ecological,Organization,Pecl,Pecl14,Ecosystem connectivity,Excellent,High,yes,3,4,3,Ecological_Ecosystem_connectivity
Ecological,Organization,Pecl,Pecl15,Population modularity,Excellent,Medium,yes,2,4,2,Ecological_Population_modularity
Social-economic,Assets,Pecl,Pecl17,Wealth and reserves,Excellent,High,yes,3,4,3,Social_economic_Wealth_and_reserves
Social-economic,Assets,Pecl,Pecl18,Economic diversity,Excellent,Medium,yes,3,4,2,Social_economic_Economic_diversity
Social-economic,Assets,Pecl,Pecl19,Social diversity,Excellent,Medium,yes,3,4,2,Social_economic_Social_diversity
Social-economic,Flexibility,Pecl,Pecl21,Flexible and agile infrstructure,Good,High,yes,2,3,3,Social_economic_Flexible_and_agile_infrstructure
Social-economic,Flexibility,Pecl,Pecl22,Mobility,Fair,Medium,no,2,2,2,Social_economic_Mobility
Social-economic,Flexibility,Pecl,Pecl23,Economic opportunity,Fair,Medium,yes,3,2,2,Social_economic_Economic_opportunity
Social-economic,Flexibility,Pecl,Pecl24,Resilience mindset,Fair,High,yes,2,2,3,Social_economic_Resilience_mindset
Social-economic,Flexibility,Pecl,Pecl25,Place attachment,Excellent,High,yes,4,4,3,Social_economic_Place_attachment
Social-economic,Organization,Pecl,Pecl27,Social capital,Excellent,Medium,yes,4,4,2,Social_economic_Social_capital
Social-economic,Organization,Pecl,Pecl28,Technology transfer,Fair,High,yes,2,2,3,Social_economic_Technology_transfer
Social-economic,Organization,Pecl,Pecl29,Modular infrastructure,Fair,Medium,yes,3,2,2,Social_economic_Modular_infrastructure
Social-economic,Learning,Pecl,Pecl31,Knowledge diversity,Fair,Medium,yes,3,2,2,Social_economic_Knowledge_diversity
Social-economic,Learning,Pecl,Pecl32,Knowledge access,Excellent,Medium,yes,4,4,2,Social_economic_Knowledge_access
Social-economic,Learning,Pecl,Pecl33,Learning capacity,Fair,High,yes,3,2,3,Social_economic_Learning_capacity
Social-economic,Agency,Pecl,Pecl35,Agency,Excellent,Medium,yes,3,4,2,Social_economic_Agency
Goverance,Flexibility,Pecl,Pecl37,Responsive,Good,Medium,yes,3,3,2,Goverance_Responsive
Goverance,Organization,Pecl,Pecl39,Participatory,Excellent,High,yes,3,4,3,Goverance_Participatory
Goverance,Organization,Pecl,Pecl40,Equitable and inclusive,Excellent,High,yes,2,4,3,Goverance_Equitable_and_inclusive
Goverance,Organization,Pecl,Pecl41,Accountable,Excellent,High,yes,4,4,3,Goverance_Accountable
Goverance,Organization,Pecl,Pecl43,Effective and efficient,Good,Medium,yes,3,3,2,Goverance_Effective_and_efficient
Goverance,Organization,Pecl,Pecl44,Polycentric,Excellent,Medium,yes,2,4,2,Goverance_Polycentric
Goverance,Organization,Pecl,Pecl45,Cross-scale integration,Good,Medium,yes,4,3,2,Goverance_Cross_scale_integration
Goverance,Learning,Pecl,Pecl47,Adaptive,Good,High,yes,2,3,3,Goverance_Adaptive
Goverance,Agency,Pecl,Pecl49,Leadership and initiative,Good,High,yes,2,3,3,Goverance_Leadership_and_initiative
Ecological,Assets,Tokunaga,Tokunaga1,Population abundance,Low,Medium,yes,3,1,2,Ecological_Population_abundance
Ecological,Assets,Tokunaga,Tokunaga2,Age structure,Good,Medium,yes,3,3,2,Ecological_Age_structure
Ecological,Assets,Tokunaga,Tokunaga3,Genetic diversity,Excellent,High,yes,3,4,3,Ecological_Genetic_diversity
Ecological,Assets,Tokunaga,Tokunaga4,Species diversity,Low,Medium,yes,2,1,2,Ecological_Species_diversity
Ecological,Flexibility,Tokunaga,Tokunaga6,Adult mobility,Excellent,High,no,1,4,3,Ecological_Adult_mobility
Ecological,Flexibility,Tokunaga,Tokunaga7,Larval dispersal,Excellent,High,yes,3,4,3,Ecological_Larval_dispersal
Ecological,Flexibility,Tokunaga,Tokunaga8,Environmental niche breadth,Excellent,Medium,yes,2,4,2,Ecological_Environmental_niche_breadth
Ecological,Flexibility,Tokunaga,Tokunaga9,Dietary flexibility,Low,Medium,yes,3,1,2,Ecological_Dietary_flexibility
Ecological,Flexibility,Tokunaga,Tokunaga10,Habitat diversity,Fair,Medium,yes,2,2,2,Ecological_Habitat_diversity
Ecological,Flexibility,Tokunaga,Tokunaga11,Plasticity,Good,Medium,yes,2,3,2,Ecological_Plasticity
Ecological,Flexibility,Tokunaga,Tokunaga12,Evolutionary potential,Excellent,High,yes,1,4,3,Ecological_Evolutionary_potential
Ecological,Organization,Tokunaga,Tokunaga14,Ecosystem connectivity,Good,Medium,yes,2,3,2,Ecological_Ecosystem_connectivity
Ecological,Organization,Tokunaga,Tokunaga15,Population modularity,Fair,Medium,yes,2,2,2,Ecological_Population_modularity
Social-economic,Assets,Tokunaga,Tokunaga17,Wealth and reserves,Good,Medium,yes,4,3,2,Social_economic_Wealth_and_reserves
Social-economic,Assets,Tokunaga,Tokunaga18,Economic diversity,Fair,Medium,yes,2,2,2,Social_economic_Economic_diversity
Social-economic,Assets,Tokunaga,Tokunaga19,Social diversity,Low,Low,yes,2,1,1,Social_economic_Social_diversity
Social-economic,Flexibility,Tokunaga,Tokunaga21,Flexible and agile infrstructure,Good,Medium,yes,3,3,2,Social_economic_Flexible_and_agile_infrstructure
Social-economic,Flexibility,Tokunaga,Tokunaga22,Mobility,Excellent,High,NA,1,4,3,Social_economic_Mobility
Social-economic,Flexibility,Tokunaga,Tokunaga23,Economic opportunity,Low,Medium,NA,3,1,2,Social_economic_Economic_opportunity
Social-economic,Flexibility,Tokunaga,Tokunaga24,Resilience mindset,No data,High,yes,4,0,3,Social_economic_Resilience_mindset
Social-economic,Flexibility,Tokunaga,Tokunaga25,Place attachment,Fair,High,NA,4,2,3,Social_economic_Place_attachment
Social-economic,Organization,Tokunaga,Tokunaga27,Social capital,Good,High,yes,4,3,3,Social_economic_Social_capital
Social-economic,Organization,Tokunaga,Tokunaga28,Technology transfer,Fair,Medium,NA,2,2,2,Social_economic_Technology_transfer
Social-economic,Organization,Tokunaga,Tokunaga29,Modular infrastructure,Good,Medium,yes,2,3,2,Social_economic_Modular_infrastructure
Social-economic,Learning,Tokunaga,Tokunaga31,Knowledge diversity,Fair,Medium,yes,3,2,2,Social_economic_Knowledge_diversity
Social-economic,Learning,Tokunaga,Tokunaga32,Knowledge access,Low,High,yes,2,1,3,Social_economic_Knowledge_access
Social-economic,Learning,Tokunaga,Tokunaga33,Learning capacity,Low,High,yes,4,1,3,Social_economic_Learning_capacity
Social-economic,Agency,Tokunaga,Tokunaga35,Agency,Excellent,High,yes,4,4,3,Social_economic_Agency
Goverance,Flexibility,Tokunaga,Tokunaga37,Responsive,Fair,High,yes,4,2,3,Goverance_Responsive
Goverance,Organization,Tokunaga,Tokunaga39,Participatory,Good,High,yes,4,3,3,Goverance_Participatory
Goverance,Organization,Tokunaga,Tokunaga40,Equitable and inclusive,Excellent,Medium,yes,4,4,2,Goverance_Equitable_and_inclusive
Goverance,Organization,Tokunaga,Tokunaga41,Accountable,Low,Medium,yes,3,1,2,Goverance_Accountable
Goverance,Organization,Tokunaga,Tokunaga42,Transparent,Fair,Medium,yes,3,2,2,Goverance_Transparent
Goverance,Organization,Tokunaga,Tokunaga44,Polycentric,Excellent,Low,NA,2,4,1,Goverance_Polycentric
Goverance,Organization,Tokunaga,Tokunaga45,Cross-scale integration,Low,Low,yes,2,1,1,Goverance_Cross_scale_integration
Goverance,Learning,Tokunaga,Tokunaga47,Adaptive,Fair,Medium,yes,3,2,2,Goverance_Adaptive
Goverance,Agency,Tokunaga,Tokunaga49,Leadership and initiative,Good,Medium,no,3,3,2,Goverance_Leadership_and_initiative
Ecological,Assets,Westfall,Westfall1,Population abundance,Good,High,yes,2,3,3,Ecological_Population_abundance
Ecological,Assets,Westfall,Westfall2,Age structure,Low,Medium,yes,2,1,2,Ecological_Age_structure
Ecological,Assets,Westfall,Westfall4,Species diversity,Fair,Medium,yes,3,2,2,Ecological_Species_diversity
Ecological,Flexibility,Westfall,Westfall6,Adult mobility,Excellent,High,yes,4,4,3,Ecological_Adult_mobility
Ecological,Flexibility,Westfall,Westfall7,Larval dispersal,Excellent,Medium,yes,3,4,2,Ecological_Larval_dispersal
Ecological,Flexibility,Westfall,Westfall8,Environmental niche breadth,Excellent,Medium,yes,3,4,2,Ecological_Environmental_niche_breadth
Ecological,Flexibility,Westfall,Westfall10,Habitat diversity,Excellent,Medium,yes,3,4,2,Ecological_Habitat_diversity
Ecological,Flexibility,Westfall,Westfall11,Plasticity,Excellent,High,no,2,4,3,Ecological_Plasticity
Ecological,Flexibility,Westfall,Westfall12,Evolutionary potential,Low,Low,no,3,1,1,Ecological_Evolutionary_potential
Ecological,Organization,Westfall,Westfall14,Ecosystem connectivity,Excellent,High,yes,4,4,3,Ecological_Ecosystem_connectivity
Ecological,Organization,Westfall,Westfall15,Population modularity,Fair,Medium,yes,2,2,2,Ecological_Population_modularity
Social-economic,Assets,Westfall,Westfall17,Wealth and reserves,Low,High,no,2,1,3,Social_economic_Wealth_and_reserves
Social-economic,Assets,Westfall,Westfall18,Economic diversity,Low,High,no,2,1,3,Social_economic_Economic_diversity
Social-economic,Assets,Westfall,Westfall19,Social diversity,Fair,Medium,yes,3,2,2,Social_economic_Social_diversity
Social-economic,Flexibility,Westfall,Westfall21,Flexible and agile infrstructure,Fair,High,yes,2,2,3,Social_economic_Flexible_and_agile_infrstructure
Social-economic,Flexibility,Westfall,Westfall22,Mobility,Fair,Medium,yes,2,2,2,Social_economic_Mobility
Social-economic,Flexibility,Westfall,Westfall23,Economic opportunity,Fair,High,yes,2,2,3,Social_economic_Economic_opportunity
Social-economic,Flexibility,Westfall,Westfall24,Resilience mindset,Fair,Medium,yes,3,2,2,Social_economic_Resilience_mindset
Social-economic,Flexibility,Westfall,Westfall25,Place attachment,Good,Medium,yes,3,3,2,Social_economic_Place_attachment
Social-economic,Organization,Westfall,Westfall27,Social capital,Fair,Medium,yes,3,2,2,Social_economic_Social_capital
Social-economic,Organization,Westfall,Westfall28,Technology transfer,Fair,High,yes,4,2,3,Social_economic_Technology_transfer
Social-economic,Organization,Westfall,Westfall29,Modular infrastructure,Low,Medium,yes,2,1,2,Social_economic_Modular_infrastructure
Social-economic,Learning,Westfall,Westfall31,Knowledge diversity,Fair,High,no,2,2,3,Social_economic_Knowledge_diversity
Social-economic,Learning,Westfall,Westfall32,Knowledge access,Fair,Medium,yes,3,2,2,Social_economic_Knowledge_access
Social-economic,Learning,Westfall,Westfall33,Learning capacity,Fair,High,yes,3,2,3,Social_economic_Learning_capacity
Social-economic,Agency,Westfall,Westfall35,Agency,Fair,High,yes,2,2,3,Social_economic_Agency
Goverance,Flexibility,Westfall,Westfall37,Responsive,Fair,High,yes,2,2,3,Goverance_Responsive
Goverance,Organization,Westfall,Westfall39,Participatory,Fair,High,no,2,2,3,Goverance_Participatory
Goverance,Organization,Westfall,Westfall40,Equitable and inclusive,Fair,High,no,2,2,3,Goverance_Equitable_and_inclusive
Goverance,Organization,Westfall,Westfall41,Accountable,Fair,Low,yes,3,2,1,Goverance_Accountable
Goverance,Organization,Westfall,Westfall42,Transparent,Fair,High,yes,2,2,3,Goverance_Transparent
Goverance,Organization,Westfall,Westfall43,Effective and efficient,Fair,High,yes,2,2,3,Goverance_Effective_and_efficient
Goverance,Organization,Westfall,Westfall44,Polycentric,Fair,High,no,2,2,3,Goverance_Polycentric
Goverance,Organization,Westfall,Westfall45,Cross-scale integration,Fair,High,no,2,2,3,Goverance_Cross_scale_integration
Goverance,Learning,Westfall,Westfall47,Adaptive,Fair,High,yes,3,2,3,Goverance_Adaptive
Goverance,Agency,Westfall,Westfall49,Leadership and initiative,Fair,Low,yes,3,2,1,Goverance_Leadership_and_initiative
Ecological,Assets,Zhao,Zhao1,Population abundance,Good,High,yes,3,3,3,Ecological_Population_abundance
Ecological,Assets,Zhao,Zhao2,Age structure,Good,Medium,yes,3,3,2,Ecological_Age_structure
Ecological,Assets,Zhao,Zhao3,Genetic diversity,Low,Medium,yes,3,1,2,Ecological_Genetic_diversity
Ecological,Assets,Zhao,Zhao4,Species diversity,Low,Medium,yes,4,1,2,Ecological_Species_diversity
Ecological,Flexibility,Zhao,Zhao6,Adult mobility,Good,Medium,yes,3,3,2,Ecological_Adult_mobility
Ecological,Flexibility,Zhao,Zhao7,Larval dispersal,Low,Medium,yes,3,1,2,Ecological_Larval_dispersal
Ecological,Flexibility,Zhao,Zhao8,Environmental niche breadth,Low,High,yes,3,1,3,Ecological_Environmental_niche_breadth
Ecological,Flexibility,Zhao,Zhao9,Dietary flexibility,Excellent,Medium,yes,3,4,2,Ecological_Dietary_flexibility
Ecological,Organization,Zhao,Zhao14,Ecosystem connectivity,Fair,High,yes,4,2,3,Ecological_Ecosystem_connectivity
Ecological,Organization,Zhao,Zhao15,Population modularity,Fair,Medium,yes,3,2,2,Ecological_Population_modularity
Social-economic,Assets,Zhao,Zhao17,Wealth and reserves,Good,High,no,3,3,3,Social_economic_Wealth_and_reserves
Social-economic,Assets,Zhao,Zhao18,Economic diversity,Fair,High,no,3,2,3,Social_economic_Economic_diversity
Social-economic,Assets,Zhao,Zhao19,Social diversity,Excellent,High,no,4,4,3,Social_economic_Social_diversity
Social-economic,Flexibility,Zhao,Zhao21,Flexible and agile infrstructure,Fair,Medium,yes,2,2,2,Social_economic_Flexible_and_agile_infrstructure
Social-economic,Flexibility,Zhao,Zhao22,Mobility,Excellent,High,yes,2,4,3,Social_economic_Mobility
Social-economic,Flexibility,Zhao,Zhao23,Economic opportunity,Excellent,High,no,2,4,3,Social_economic_Economic_opportunity
Social-economic,Flexibility,Zhao,Zhao24,Resilience mindset,Excellent,High,no,3,4,3,Social_economic_Resilience_mindset
Social-economic,Flexibility,Zhao,Zhao25,Place attachment,Fair,High,yes,4,2,3,Social_economic_Place_attachment
Social-economic,Organization,Zhao,Zhao27,Social capital,Fair,High,no,2,2,3,Social_economic_Social_capital
Social-economic,Organization,Zhao,Zhao28,Technology transfer,Low,Medium,yes,3,1,2,Social_economic_Technology_transfer
Social-economic,Learning,Zhao,Zhao31,Knowledge diversity,Excellent,High,no,4,4,3,Social_economic_Knowledge_diversity
Social-economic,Learning,Zhao,Zhao32,Knowledge access,Good,High,yes,2,3,3,Social_economic_Knowledge_access
Social-economic,Learning,Zhao,Zhao33,Learning capacity,Low,High,yes,4,1,3,Social_economic_Learning_capacity
Social-economic,Agency,Zhao,Zhao35,Agency,Fair,High,yes,3,2,3,Social_economic_Agency
Goverance,Flexibility,Zhao,Zhao37,Responsive,Fair,High,no,2,2,3,Goverance_Responsive
Goverance,Organization,Zhao,Zhao39,Participatory,Excellent,High,yes,3,4,3,Goverance_Participatory
Goverance,Organization,Zhao,Zhao40,Equitable and inclusive,Excellent,High,yes,2,4,3,Goverance_Equitable_and_inclusive
Goverance,Organization,Zhao,Zhao41,Accountable,Excellent,High,yes,2,4,3,Goverance_Accountable
Goverance,Organization,Zhao,Zhao42,Transparent,Excellent,High,yes,2,4,3,Goverance_Transparent
Goverance,Organization,Zhao,Zhao43,Effective and efficient,Excellent,High,yes,2,4,3,Goverance_Effective_and_efficient
Goverance,Organization,Zhao,Zhao44,Polycentric,Excellent,High,yes,2,4,3,Goverance_Polycentric
Goverance,Organization,Zhao,Zhao45,Cross-scale integration,Excellent,High,no,2,4,3,Goverance_Cross_scale_integration
Goverance,Learning,Zhao,Zhao47,Adaptive,Fair,High,yes,2,2,3,Goverance_Adaptive
Goverance,Agency,Zhao,Zhao49,Leadership and initiative,Good,Medium,no,3,3,2,Goverance_Leadership_and_initiative
